Account_Number,First_Name,Last_Name,City,Phone,Customer_SSN,Issuing_Branch_Code,Opening_date
681398,Priscella,Pollett,Mumbai,86453359,32140651,1010,02-12-2021
734406,Ana,Onge,Bhiwandi,82207768,26972377,1003,02-02-2021
793078,Butch,Rawls,Palghar,83090827,30393556,1014,06-08-2021
623709,Ambros,Fairrie,New Delhi,84827667,27738055,1029,10-12-2021
628775,Gaylene,Titcomb,Mumbai,89491498,25644233,1028,27-03-2021
622392,Cleveland,Lindegard,Mumbai,87969029,31817729,1005,21-08-2021
673235,Fredric,Gascard,Gurgaon,82053676,35767239,1004,09-09-2021
773896,Afton,Prandi,Pune,88765358,21063080,1010,13-02-2021
630093,Yehudit,Fleisch,Pune,83285783,28089008,1022,21-06-2021
600909,Loretta,Daybell,Goa,81630950,27224368,1023,17-08-2021
660940,Alia,Gidman,Gurgaon,88581678,28796737,1027,21-04-2021
798455,Mari,Canada,Goa,88711537,32023549,1012,13-03-2021
739009,Ag,Kloska,Bengaluru,80362252,22531538,1019,21-07-2021
607342,Georgena,Abdee,Mumbai,85967236,31776568,1023,25-10-2021
613447,Mikael,Kingman,Solapur,88673369,34088283,1013,20-11-2021
663200,Flore,Stonehewer,Vashi,85070834,32636058,1028,03-02-2021
765884,Clemmie,Godard,Thane,82912825,33660143,1030,26-08-2021
754956,Jarib,Brogini,Nagur,88231872,39406178,1005,23-07-2021
718012,Rhys,Fourman,Gurgaon,82430858,30893964,1028,14-03-2021
667315,Beaufort,Helleckas,Gurgaon,86533658,22142825,1007,09-11-2021
770782,Leola,Shillaber,Gurgaon,87032821,30291365,1020,25-06-2021
604005,Scotti,Juorio,Gurgaon,80443126,20587238,1023,08-06-2021
600622,Constantin,Bigland,Bengaluru,88152576,25662624,1023,17-06-2021
733122,Kris,Sweetman,Gurgaon,88180951,23790947,1026,19-11-2021
625363,Kaleb,Marr,Pune,82312748,35291276,1027,11-08-2021
774716,Conant,MacPeake,Mumbai,80840529,33639847,1014,22-04-2021
630084,Donalt,Kier,Amritsar,80422984,28064143,1023,01-03-2021
786625,Agna,Leppingwell,Delhi,85633327,29572912,1015,12-11-2021
773242,Calida,Bonin,Mumbai,85821848,21766391,1018,18-04-2021
725073,Katherina,Danzelman,Pune,87290420,24267444,1001,06-04-2021
756501,Ynez,Pietrasik,Mumbai,83795527,21540825,1016,08-03-2021
685367,Margret,Thridgould,Bhiwandi,87639115,39412120,1017,05-09-2021
707180,Bertie,Stooke,Palghar,84439678,20982766,1001,27-10-2021
622004,Molli,Sherwen,New Delhi,81338584,25939559,1015,23-12-2021
602711,Chadwick,Manclark,Mumbai,80605160,27165405,1026,19-08-2021
644722,Monique,Elks,Mumbai,84140423,23133381,1021,07-06-2021
785469,Alard,Sealeaf,Gurgaon,85999437,38304696,1023,23-05-2021
678262,Gretchen,Jansson,Pune,85738247,29530786,1002,09-03-2021
750317,Arlette,Moody,Pune,89187089,36540543,1026,03-05-2021
627612,Mitzi,Bussons,Goa,89224781,31088526,1023,15-09-2021
630585,Devin,Wethers,Gurgaon,83721015,20622358,1011,06-01-2021
654929,Nicoline,Keneleyside,Goa,82171268,30675119,1020,19-02-2021
704496,Marielle,Matusevich,Bengaluru,89718886,23476099,1013,10-03-2021
786512,Pepi,Luna,Mumbai,87090623,33258244,1006,26-10-2021
690382,Nathan,Whaley,Solapur,80500112,20645069,1014,27-10-2021
732285,Mikol,Hanwell,Vashi,86317400,39528241,1028,11-03-2021
699587,Dominique,Kermode,Thane,85940576,31002214,1018,25-10-2021
617078,Beryle,Elsmere,Nagur,88147194,24415000,1002,11-07-2021
625504,Godfry,Bleas,Gurgaon,89921597,36130957,1010,08-05-2021
716182,Hanan,Willman,Gurgaon,83497641,21583105,1026,18-12-2021
743475,Rodi,Ellar,Gurgaon,85217823,31721508,1002,11-01-2021
642309,Rochette,Hughs,Gurgaon,84526326,33675917,1001,10-06-2021
791927,Tess,Bertelet,Bengaluru,81381590,20513619,1021,10-04-2021
718761,Christabel,Athy,Gurgaon,83523469,35165666,1014,10-10-2021
705302,Donni,Crownshaw,Pune,86153790,37718954,1019,10-01-2021
758354,Trudey,Milbank,Mumbai,86745435,24169822,1023,13-02-2021
787965,Suzy,Veryan,Amritsar,89589428,33089044,1030,15-08-2021
642136,Rik,Roddell,Delhi,87244499,22682681,1012,09-11-2021
748734,Nobie,Bearman,Mumbai,86420749,20300109,1015,20-01-2021
621672,Lorrie,Morritt,Pune,89743079,35939565,1018,13-06-2021
635099,Nataniel,Castelot,Mumbai,82246192,21434770,1014,07-01-2021
602372,Alie,Hawtrey,Bhiwandi,80824801,27732134,1012,24-07-2021
743941,Rogers,Moorton,Palghar,82935471,21069540,1027,25-02-2021
782641,Zara,Clewley,New Delhi,87541740,29526650,1025,05-10-2021
783739,Clim,Gatlin,Mumbai,82414978,33053378,1024,09-11-2021
679302,Ora,Divell,Mumbai,83884755,39384117,1014,06-05-2021
655388,Clark,Blaxall,Gurgaon,86551190,35679792,1008,08-01-2021
681946,Roana,Reynoldson,Pune,87850619,28218770,1011,18-05-2021
683685,Clara,Hourstan,Pune,81942463,26419591,1017,21-07-2021
648027,Rhea,Marthen,Goa,89313389,36352861,1012,26-05-2021
628638,Cathie,Rummer,Gurgaon,81018034,30332842,1011,29-05-2021
793271,Blithe,Fillis,Goa,85296612,27915036,1024,31-12-2021
754284,Doralynne,Baglow,Bengaluru,86063152,33713422,1011,17-12-2021
683686,Ginny,McUre,Mumbai,89828776,31960132,1010,01-10-2021
637905,Kelsy,Dowbekin,Solapur,81690937,28440344,1015,06-07-2021
774909,Mychal,Mitchley,Vashi,88067556,26812259,1029,10-12-2021
790459,Tami,Readie,Thane,84529861,20809906,1017,22-09-2021
755548,Tiffany,Axten,Nagur,80049642,32299366,1006,20-10-2021
718718,Antonina,Peller,Gurgaon,88909558,30494966,1018,12-10-2021
772499,Elroy,Shirland,Gurgaon,88863229,33151798,1019,15-01-2021
755250,Marijn,Fain,Gurgaon,82953559,31183832,1009,22-08-2021
784538,Edan,Cleen,Gurgaon,87491097,36623608,1024,17-01-2021
621053,Salvador,Dzenisenka,Bengaluru,88046163,20047749,1022,27-06-2021
610105,Seumas,Saice,Gurgaon,80404229,29149909,1019,11-01-2021
768887,Morlee,McBrearty,Pune,80289815,21272048,1015,29-10-2021
799665,Rafael,Shawyer,Mumbai,82231916,26952533,1024,05-12-2021
673341,Mead,Redley,Amritsar,80707377,21761465,1004,24-08-2021
708501,Shandee,Winterbottom,Delhi,88174734,20306906,1017,10-03-2021
740607,Orrin,Moultrie,Mumbai,88725263,30747021,1013,02-09-2021
756520,Jeremie,Mannooch,Pune,86044122,39599178,1017,29-07-2021
726063,Genni,Orrice,Mumbai,87252150,39076921,1024,11-07-2021
787092,Gert,Durgan,Bhiwandi,83655074,22416217,1023,19-06-2021
731573,Benyamin,Mullin,Palghar,85380830,24033284,1026,06-03-2021
709459,Theresa,Kilby,New Delhi,87355839,23924698,1028,26-01-2021
747639,Francisca,De Mars,Mumbai,86150415,31352873,1003,19-01-2021
707924,Bonni,Ballin,Mumbai,87607926,33050227,1022,23-03-2021
752332,Early,Bispham,Gurgaon,81987019,27098031,1006,18-01-2021
752721,Kendell,Hitter,Pune,88367428,38520003,1019,11-01-2021
618972,Tam,Stannas,Pune,85598112,31556590,1011,20-09-2021
627356,Bobbi,Savory,Goa,80481026,38718296,1005,19-12-2021
